{
    "loss": 0.6966230273246765,
    "accuracy": 0.8275862336158752
}